Designator,Val,Package,Mid X,Mid Y,Rotation,Layer
C2,10uF,C_0603_1608Metric,52.280001,-112.099999,180.0,bottom
C6,10uF,C_0603_1608Metric,67.780001,-112.099999,180.0,bottom
R1,1.5K,R_0603_1608Metric,55.830001,-110.349998,0.0,bottom
R2,680,R_0603_1608Metric,55.830001,-112.099999,180.0,bottom
R3,1.2K,R_0603_1608Metric,52.33,-110.349998,180.0,bottom
R4,1K,R_0603_1608Metric,71.330001,-110.349998,0.0,bottom
R5,10,R_0603_1608Metric,71.330001,-113.849999,180.0,bottom
R6,330,R_0603_1608Metric,71.330001,-112.099999,180.0,bottom
R7,1.2K,R_0603_1608Metric,67.83,-110.349998,180.0,bottom
