Designator,Val,Package,Mid X,Mid Y,Rotation,Layer
C2,10uF,C_0603_1608Metric,45.959593,-115.649824,180.0,bottom
C6,10uF,C_0603_1608Metric,61.459593,-115.649824,180.0,bottom
R1,1.5K,R_0603_1608Metric,49.509593,-113.899823,0.0,bottom
R2,680,R_0603_1608Metric,49.509593,-115.649824,180.0,bottom
R3,1.2K,R_0603_1608Metric,46.009592,-113.899823,180.0,bottom
R4,1K,R_0603_1608Metric,65.009593,-113.899823,0.0,bottom
R5,10,R_0603_1608Metric,65.009593,-117.399824,180.0,bottom
R6,330,R_0603_1608Metric,65.009593,-115.649824,180.0,bottom
R7,1.2K,R_0603_1608Metric,61.509592,-113.899823,180.0,bottom
