Designator,Val,Package,Mid X,Mid Y,Rotation,Layer
C2,10uF,C_0603_1608Metric,-20.8,-33.75,180.0,bottom
C6,10uF,C_0603_1608Metric,-5.3,-33.75,180.0,bottom
R1,1.5K,R_0603_1608Metric,-17.25,-31.999999,0.0,bottom
R2,680,R_0603_1608Metric,-17.25,-33.75,180.0,bottom
R3,1.2K,R_0603_1608Metric,-20.750001,-31.999999,180.0,bottom
R4,1K,R_0603_1608Metric,-1.75,-31.999999,0.0,bottom
R5,10,R_0603_1608Metric,-1.75,-35.5,180.0,bottom
R6,330,R_0603_1608Metric,-1.75,-33.75,180.0,bottom
R7,1.2K,R_0603_1608Metric,-5.250001,-31.999999,180.0,bottom
